module_code,module_title,programme_code,year,difficulty_level,mark_modifier,social_requirements,creativity_requirements,practical_theoretical_balance,stress_level,group_work_intensity,independent_study_requirement,assessment_type,description
1.1.1.01,Introduction to Cooperative Crafting,1.1.1,1,0.25,1.0379,0.76,0.68,0.8,0.31,0.8,0.37,practical,Introductory community labour & cooperative innovation module establishing core concepts and practices.
1.1.1.02,Material Cultures and Local Economies,1.1.1,1,0.35,1.0225,0.65,0.64,0.82,0.34,0.7,0.43,practical,Foundation module in Community Labour & Cooperative Innovation: Material Cultures and Local Economies.
1.1.1.03,"Tools, Skills, and Guild Technologies",1.1.1,1,0.25,1.0375,0.66,0.61,0.78,0.35,0.67,0.41,practical,"Foundation module in Community Labour & Cooperative Innovation: Tools, Skills, and Guild Technologies."
1.1.1.04,Distributed Production Models,1.1.1,2,0.64,0.9482,0.65,0.65,0.81,0.52,0.71,0.51,practical,Intermediate module in Community Labour & Cooperative Innovation: Distributed Production Models.
1.1.1.05,Platform Cooperativism and Digital Infrastructure,1.1.1,2,0.47,1.0045,0.68,0.61,0.75,0.49,0.71,0.58,practical,Intermediate module in Community Labour & Cooperative Innovation: Platform Cooperativism and Digital Infrastructure.
1.1.1.06,"Supply Chains, Commons, and Ethics",1.1.1,2,0.47,1.0045,0.71,0.58,0.75,0.46,0.7,0.56,practical,"Intermediate module in Community Labour & Cooperative Innovation: Supply Chains, Commons, and Ethics."
1.1.1.07,Designing Resilient Workshop Networks,1.1.1,3,0.69,0.9297,0.68,0.71,0.76,0.62,0.66,0.72,practical,Advanced module in Community Labour & Cooperative Innovation: Designing Resilient Workshop Networks.
1.1.1.08,Capstone Project: Building a Distributed Enterprise,1.1.1,3,0.71,0.9223,0.72,0.66,0.78,0.71,0.7,0.83,project,Final-year integrative project in Community Labour & Cooperative Innovation: Capstone Project: Building a Distributed Enterprise.
1.1.1.09,Cooperative Finance and Circular Economies,1.1.1,3,0.76,0.9038,0.73,0.66,0.74,0.69,0.76,0.74,practical,Advanced module in Community Labour & Cooperative Innovation: Cooperative Finance and Circular Economies.
1.1.2.01,History of Mutual Aid and Guild Traditions,1.1.2,1,0.35,1.0225,0.79,0.6,0.78,0.35,0.8,0.41,practical,Foundation module in Community Labour & Cooperative Innovation: History of Mutual Aid and Guild Traditions.
1.1.2.02,Foundations of Self-Governance,1.1.2,1,0.34,1.0245,0.72,0.59,0.74,0.3,0.69,0.42,practical,Introductory community labour & cooperative innovation module establishing core concepts and practices.
1.1.2.03,Legal Frameworks for Commons and Cooperatives,1.1.2,2,0.48,1.003,0.8,0.66,0.78,0.53,0.76,0.51,practical,Intermediate module in Community Labour & Cooperative Innovation: Legal Frameworks for Commons and Cooperatives.
1.1.2.04,Facilitation and Decision-Making in Flat Structures,1.1.2,2,0.6,0.963,0.7,0.67,0.74,0.52,0.69,0.55,practical,Intermediate module in Community Labour & Cooperative Innovation: Facilitation and Decision-Making in Flat Structures.
1.1.2.05,Intergenerational Knowledge and Care Systems,1.1.2,2,0.6,0.963,0.65,0.58,0.75,0.46,0.67,0.54,practical,Intermediate module in Community Labour & Cooperative Innovation: Intergenerational Knowledge and Care Systems.
1.1.2.06,Conflict Transformation and Restorative Governance,1.1.2,3,0.61,0.9593,0.72,0.61,0.77,0.64,0.72,0.67,practical,Advanced module in Community Labour & Cooperative Innovation: Conflict Transformation and Restorative Governance.
1.1.2.07,Capstone Project: Establishing a Living Charter,1.1.2,3,0.73,0.9149,0.72,0.61,0.81,0.76,0.66,0.86,project,Final-year integrative project in Community Labour & Cooperative Innovation: Capstone Project: Establishing a Living Charter.
1.1.2.08,Governance Design for Emergent Communities,1.1.2,3,0.6,0.963,0.72,0.65,0.77,0.61,0.71,0.71,practical,Advanced module in Community Labour & Cooperative Innovation: Governance Design for Emergent Communities.
1.1.3.01,Learning Through Making: Foundations,1.1.3,1,0.26,1.036,0.71,0.66,0.77,0.36,0.67,0.4,practical,Foundation module in Community Labour & Cooperative Innovation: Learning Through Making: Foundations.
1.1.3.02,Embodied Knowledge and Apprenticeship Models,1.1.3,1,0.41,1.0135,0.68,0.65,0.81,0.33,0.71,0.39,practical,Foundation module in Community Labour & Cooperative Innovation: Embodied Knowledge and Apprenticeship Models.
1.1.3.03,Tactile Thinking and Material Pedagogies,1.1.3,2,0.5,1.0,0.69,0.65,0.82,0.5,0.72,0.53,practical,Intermediate module in Community Labour & Cooperative Innovation: Tactile Thinking and Material Pedagogies.
1.1.3.04,Workshop as Classroom: Designing Learning Environments,1.1.3,2,0.54,0.9852,0.72,0.67,0.79,0.46,0.68,0.55,practical,Intermediate module in Community Labour & Cooperative Innovation: Workshop as Classroom: Designing Learning Environments.
1.1.3.05,Teaching as Craft: Mentorship and Scaffolding,1.1.3,3,0.6,0.963,0.64,0.67,0.81,0.68,0.69,0.7,practical,Advanced module in Community Labour & Cooperative Innovation: Teaching as Craft: Mentorship and Scaffolding.
1.1.3.06,Capstone Project: Designing a Maker-Education Programme,1.1.3,3,0.81,0.8853,0.64,0.65,0.74,0.73,0.69,0.85,project,Final-year integrative project in Community Labour & Cooperative Innovation: Capstone Project: Designing a Maker-Education Programme.
1.1.3.07,Ethics and Politics of Manual Learning,1.1.3,3,0.76,0.9038,0.71,0.66,0.8,0.66,0.7,0.7,practical,Advanced module in Community Labour & Cooperative Innovation: Ethics and Politics of Manual Learning.
1.2.4.01,Foundations of Permaculture and Ecological Design,1.2.4,1,0.31,1.029,0.58,0.67,0.84,0.26,0.5,0.38,practical,Introductory food and sustenance technologies module establishing core concepts and practices.
1.2.4.02,"Soil as System: Chemistry, Life, and Lore",1.2.4,1,0.25,1.0375,0.58,0.65,0.83,0.34,0.51,0.41,practical,"Foundation module in Food and Sustenance Technologies: Soil as System: Chemistry, Life, and Lore."
1.2.4.03,Agroecology in Practice,1.2.4,1,0.39,1.0165,0.54,0.65,0.78,0.36,0.53,0.43,practical,Foundation module in Food and Sustenance Technologies: Agroecology in Practice.
1.2.4.04,Seasonal Cycles and Climate-Resilient Cropping,1.2.4,2,0.56,0.9778,0.6,0.62,0.79,0.46,0.49,0.53,practical,Intermediate module in Food and Sustenance Technologies: Seasonal Cycles and Climate-Resilient Cropping.
1.2.4.05,Agroforestry and Companion Planting,1.2.4,2,0.65,0.9445,0.58,0.65,0.84,0.47,0.51,0.55,practical,Intermediate module in Food and Sustenance Technologies: Agroforestry and Companion Planting.
1.2.4.06,Land Stewardship and the Commons,1.2.4,2,0.45,1.0075,0.57,0.66,0.79,0.5,0.5,0.53,practical,Intermediate module in Food and Sustenance Technologies: Land Stewardship and the Commons.
1.2.4.07,Community-Supported Agriculture Models,1.2.4,3,0.73,0.9149,0.68,0.59,0.83,0.69,0.6,0.69,practical,Advanced module in Food and Sustenance Technologies: Community-Supported Agriculture Models.
1.2.4.08,Capstone: Design a Regenerative Micro-Farm,1.2.4,3,0.76,0.9038,0.57,0.68,0.83,0.78,0.5,0.8,project,Final-year integrative project in Food and Sustenance Technologies: Capstone: Design a Regenerative Micro-Farm.
1.2.4.09,"Policy, Power, and the Future of Food",1.2.4,3,0.8,0.889,0.61,0.61,0.86,0.61,0.51,0.69,practical,"Advanced module in Food and Sustenance Technologies: Policy, Power, and the Future of Food."
1.2.5.01,Introduction to Fungal Kingdoms,1.2.5,1,0.23,1.041,0.59,0.62,0.85,0.31,0.5,0.36,practical,Introductory food and sustenance technologies module establishing core concepts and practices.
1.2.5.02,Growing Mediums and Spore Cultivation,1.2.5,1,0.26,1.036,0.6,0.61,0.85,0.32,0.56,0.36,practical,Foundation module in Food and Sustenance Technologies: Growing Mediums and Spore Cultivation.
1.2.5.03,Lab Methods for Mycology and Biofabrication,1.2.5,2,0.61,0.9593,0.59,0.64,0.83,0.53,0.52,0.59,practical,Intermediate module in Food and Sustenance Technologies: Lab Methods for Mycology and Biofabrication.
1.2.5.04,Fungi in Soil Health and Ecosystem Repair,1.2.5,2,0.49,1.0015,0.61,0.61,0.81,0.46,0.52,0.58,practical,Intermediate module in Food and Sustenance Technologies: Fungi in Soil Health and Ecosystem Repair.
1.2.5.05,"Mycelium as Material: Packaging, Building, Healing",1.2.5,2,0.62,0.9556,0.6,0.62,0.8,0.49,0.56,0.57,practical,"Intermediate module in Food and Sustenance Technologies: Mycelium as Material: Packaging, Building, Healing."
1.2.5.06,Capstone: Biotech Solutions with Mycelial Systems,1.2.5,3,0.76,0.9038,0.61,0.59,0.82,0.76,0.54,0.83,project,Final-year integrative project in Food and Sustenance Technologies: Capstone: Biotech Solutions with Mycelial Systems.
1.2.5.07,Ethics and Entanglements in Biotech Innovation,1.2.5,3,0.78,0.8964,0.62,0.63,0.82,0.69,0.56,0.69,practical,Advanced module in Food and Sustenance Technologies: Ethics and Entanglements in Biotech Innovation.
1.2.6.01,The Alchemy of Fermentation,1.2.6,1,0.28,1.033,0.55,0.66,0.86,0.36,0.55,0.39,practical,Foundation module in Food and Sustenance Technologies: The Alchemy of Fermentation.
1.2.6.02,"Yeasts, Bacteria, and Microbial Worlds",1.2.6,1,0.4,1.015,0.59,0.63,0.82,0.34,0.48,0.42,practical,"Foundation module in Food and Sustenance Technologies: Yeasts, Bacteria, and Microbial Worlds."
1.2.6.03,Brewing Traditions and Cultural Practice,1.2.6,2,0.6,0.963,0.62,0.66,0.84,0.46,0.49,0.52,practical,Intermediate module in Food and Sustenance Technologies: Brewing Traditions and Cultural Practice.
1.2.6.04,Chemistry and Safety in Ferment Labs,1.2.6,2,0.45,1.0075,0.6,0.66,0.81,0.46,0.48,0.57,practical,Intermediate module in Food and Sustenance Technologies: Chemistry and Safety in Ferment Labs.
1.2.6.05,"Designing Flavour: Herbs, Temperature, and Time",1.2.6,2,0.53,0.9889,0.58,0.71,0.81,0.49,0.54,0.53,practical,"Intermediate module in Food and Sustenance Technologies: Designing Flavour: Herbs, Temperature, and Time."
1.2.6.06,Capstone: Create a Heritage-Inspired Brew Line,1.2.6,3,0.81,0.8853,0.54,0.62,0.78,0.73,0.53,0.83,project,Final-year integrative project in Food and Sustenance Technologies: Capstone: Create a Heritage-Inspired Brew Line.
1.2.6.07,"Fermentation Futures: Probiotics, Policy, and Place",1.2.6,3,0.65,0.9445,0.58,0.63,0.81,0.62,0.55,0.74,practical,"Advanced module in Food and Sustenance Technologies: Fermentation Futures: Probiotics, Policy, and Place."
1.3.7.01,Fundamentals of Metal and Flame,1.3.7,1,0.37,1.0199,0.48,0.65,0.9,0.25,0.41,0.39,practical,Introductory forge arts and metallurgy module establishing core concepts and practices.
1.3.7.02,"Tools, Temperatures, and Techniques",1.3.7,1,0.28,1.033,0.53,0.68,0.88,0.36,0.41,0.4,practical,"Foundation module in Forge Arts and Metallurgy: Tools, Temperatures, and Techniques."
1.3.7.03,"Drawing, Modelling, and Material Thinking",1.3.7,1,0.33,1.0255,0.53,0.66,0.91,0.38,0.36,0.36,practical,"Foundation module in Forge Arts and Metallurgy: Drawing, Modelling, and Material Thinking."
1.3.7.04,Alloy Theory and Practical Metallurgy,1.3.7,2,0.57,0.9741,0.48,0.71,0.84,0.51,0.34,0.55,practical,Intermediate module in Forge Arts and Metallurgy: Alloy Theory and Practical Metallurgy.
1.3.7.05,"Forging for Fit: Joints, Hinges, and Mechanisms",1.3.7,2,0.57,0.9741,0.53,0.67,0.91,0.48,0.39,0.56,practical,"Intermediate module in Forge Arts and Metallurgy: Forging for Fit: Joints, Hinges, and Mechanisms."
1.3.7.06,Form and Function: Design Studio I,1.3.7,2,0.52,0.9926,0.53,0.71,0.91,0.46,0.41,0.55,project,Intermediate module in Forge Arts and Metallurgy: Form and Function: Design Studio I.
1.3.7.07,Design Studio II: Commissions and Constraints,1.3.7,3,0.6,0.963,0.47,0.73,0.87,0.62,0.4,0.7,project,Advanced module in Forge Arts and Metallurgy: Design Studio II: Commissions and Constraints.
1.3.7.08,Capstone: Precision Artefact for Client or Cause,1.3.7,3,0.83,0.8779,0.52,0.68,0.88,0.72,0.36,0.84,project,Final-year integrative project in Forge Arts and Metallurgy: Capstone: Precision Artefact for Client or Cause.
1.3.7.09,"Ethics in Craft, Ownership, and Replication",1.3.7,3,0.71,0.9223,0.53,0.71,0.91,0.64,0.42,0.72,practical,"Advanced module in Forge Arts and Metallurgy: Ethics in Craft, Ownership, and Replication."
1.3.8.01,"Hammer as Pedagogue: Rhythm, Impact, Intent",1.3.8,1,0.31,1.0285,0.5,0.69,0.88,0.36,0.39,0.42,practical,"Foundation module in Forge Arts and Metallurgy: Hammer as Pedagogue: Rhythm, Impact, Intent."
1.3.8.02,"Embodied Skills Lab: Holding, Striking, Shaping",1.3.8,1,0.44,1.009,0.53,0.7,0.91,0.37,0.38,0.4,practical,"Foundation module in Forge Arts and Metallurgy: Embodied Skills Lab: Holding, Striking, Shaping."
1.3.8.03,"Advanced Techniques: Folded Steel, Damascus, Etching",1.3.8,2,0.59,0.9667,0.47,0.69,0.84,0.54,0.42,0.57,practical,"Intermediate module in Forge Arts and Metallurgy: Advanced Techniques: Folded Steel, Damascus, Etching."
1.3.8.04,The Forge as Ritual Space,1.3.8,2,0.51,0.9963,0.5,0.65,0.89,0.54,0.35,0.58,practical,Intermediate module in Forge Arts and Metallurgy: The Forge as Ritual Space.
1.3.8.05,Apprenticeship Studio: Teaching Through Craft,1.3.8,2,0.52,0.9926,0.46,0.72,0.9,0.51,0.4,0.56,project,Intermediate module in Forge Arts and Metallurgy: Apprenticeship Studio: Teaching Through Craft.
1.3.8.06,Capstone: Performative Craft and the Public Forge,1.3.8,3,0.8,0.889,0.54,0.75,0.89,0.78,0.36,0.83,project,Final-year integrative project in Forge Arts and Metallurgy: Capstone: Performative Craft and the Public Forge.
1.3.8.07,History and Philosophy of the Hammered Object,1.3.8,3,0.77,0.9001,0.49,0.72,0.86,0.61,0.39,0.74,practical,Advanced module in Forge Arts and Metallurgy: History and Philosophy of the Hammered Object.
1.3.9.01,Reading the Object: Material Histories and Markings,1.3.9,1,0.39,1.0165,0.5,0.64,0.91,0.36,0.41,0.42,practical,Foundation module in Forge Arts and Metallurgy: Reading the Object: Material Histories and Markings.
1.3.9.02,Principles of Conservation and Ethical Restoration,1.3.9,1,0.21,1.0439,0.51,0.69,0.91,0.3,0.36,0.43,practical,Foundation module in Forge Arts and Metallurgy: Principles of Conservation and Ethical Restoration.
1.3.9.03,"Techniques for Metal, Wood, and Mixed Materials",1.3.9,2,0.53,0.9889,0.53,0.68,0.88,0.51,0.35,0.55,practical,"Intermediate module in Forge Arts and Metallurgy: Techniques for Metal, Wood, and Mixed Materials."
1.3.9.04,Fieldwork: Documenting and Mapping Lost Techniques,1.3.9,2,0.62,0.9556,0.46,0.7,0.85,0.5,0.4,0.55,practical,Intermediate module in Forge Arts and Metallurgy: Fieldwork: Documenting and Mapping Lost Techniques.
1.3.9.05,Cultural Entanglements in Artefact Recovery,1.3.9,2,0.6,0.963,0.53,0.65,0.84,0.5,0.36,0.57,practical,Intermediate module in Forge Arts and Metallurgy: Cultural Entanglements in Artefact Recovery.
1.3.9.06,Capstone: Restore a Historical Object (with Archive Companion),1.3.9,3,0.82,0.8816,0.52,0.65,0.86,0.72,0.34,0.86,project,Final-year integrative project in Forge Arts and Metallurgy: Capstone: Restore a Historical Object (with Archive Companion).
1.3.9.07,Speculative Restoration: Imagining Futures from Fragments,1.3.9,3,0.75,0.9075,0.52,0.73,0.92,0.68,0.34,0.69,practical,Advanced module in Forge Arts and Metallurgy: Speculative Restoration: Imagining Futures from Fragments.
1.4.10.01,Foundations of Systems Thinking,1.4.10,1,0.34,1.0243,0.46,0.61,0.7,0.26,0.44,0.39,practical,Introductory mechanics and engineering module establishing core concepts and practices.
1.4.10.02,Logic and Pattern Recognition,1.4.10,1,0.35,1.0225,0.54,0.62,0.71,0.34,0.45,0.36,practical,Foundation module in Mechanics and Engineering: Logic and Pattern Recognition.
1.4.10.03,"Machines, Mechanisms, and Leverage",1.4.10,1,0.32,1.027,0.51,0.6,0.75,0.37,0.51,0.41,practical,"Foundation module in Mechanics and Engineering: Machines, Mechanisms, and Leverage."
1.4.10.04,Complex Systems and Emergent Behaviour,1.4.10,2,0.69,0.9297,0.46,0.58,0.71,0.5,0.49,0.57,practical,Intermediate module in Mechanics and Engineering: Complex Systems and Emergent Behaviour.
1.4.10.05,"Modelling Tools: Diagrams, Simulations, and Sand Tables",1.4.10,2,0.6,0.963,0.5,0.59,0.74,0.49,0.51,0.54,practical,"Intermediate module in Mechanics and Engineering: Modelling Tools: Diagrams, Simulations, and Sand Tables."
1.4.10.06,Ethics in Infrastructure and Innovation,1.4.10,2,0.5,1.0,0.46,0.61,0.74,0.53,0.52,0.57,practical,Intermediate module in Mechanics and Engineering: Ethics in Infrastructure and Innovation.
1.4.10.07,Capstone: Design a Regenerative Systems Intervention,1.4.10,3,0.79,0.8927,0.51,0.67,0.75,0.77,0.48,0.86,project,Final-year integrative project in Mechanics and Engineering: Capstone: Design a Regenerative Systems Intervention.
1.4.10.08,"Feedback, Control, and Agency",1.4.10,3,0.83,0.8779,0.51,0.62,0.76,0.67,0.44,0.74,practical,"Advanced module in Mechanics and Engineering: Feedback, Control, and Agency."
1.4.10.09,"Power, Failure, and Resilience in Engineered Systems",1.4.10,3,0.81,0.8853,0.54,0.66,0.72,0.63,0.5,0.69,practical,"Advanced module in Mechanics and Engineering: Power, Failure, and Resilience in Engineered Systems."
1.4.11.01,"Water, Flow, and the Shaping of Matter",1.4.11,1,0.32,1.027,0.47,0.63,0.74,0.34,0.51,0.37,practical,"Foundation module in Mechanics and Engineering: Water, Flow, and the Shaping of Matter."
1.4.11.02,Introduction to Heuristics: Intuition in Systems Design,1.4.11,1,0.37,1.0198,0.46,0.7,0.7,0.29,0.48,0.42,practical,Introductory mechanics and engineering module establishing core concepts and practices.
1.4.11.03,Sound and Structure: Principles of Harmonics,1.4.11,1,0.25,1.0378,0.5,0.6,0.75,0.3,0.51,0.41,practical,Foundation module in Mechanics and Engineering: Sound and Structure: Principles of Harmonics.
1.4.11.04,"Hydraulic Logic: Pressure, Pulse, and Purpose",1.4.11,2,0.55,0.9815,0.47,0.59,0.76,0.54,0.49,0.54,practical,"Intermediate module in Mechanics and Engineering: Hydraulic Logic: Pressure, Pulse, and Purpose."
1.4.11.05,"Experimental Heuristics: Trial, Error, and Adaptation",1.4.11,2,0.64,0.9482,0.48,0.62,0.76,0.53,0.51,0.59,practical,"Intermediate module in Mechanics and Engineering: Experimental Heuristics: Trial, Error, and Adaptation."
1.4.11.06,Acoustic Architecture and Vibrational Engineering,1.4.11,2,0.62,0.9556,0.47,0.64,0.71,0.48,0.48,0.53,practical,Intermediate module in Mechanics and Engineering: Acoustic Architecture and Vibrational Engineering.
1.4.11.07,"Capstone: Multisensory Systems Design (Water, Sound, Motion)",1.4.11,3,0.77,0.9001,0.46,0.65,0.74,0.76,0.51,0.8,project,"Final-year integrative project in Mechanics and Engineering: Capstone: Multisensory Systems Design (Water, Sound, Motion)."
1.4.11.08,"Philosophy of Flow: Tribal, Dwarven, and Ecological Perspectives",1.4.11,3,0.83,0.8779,0.52,0.62,0.69,0.65,0.51,0.72,practical,"Advanced module in Mechanics and Engineering: Philosophy of Flow: Tribal, Dwarven, and Ecological Perspectives."
1.5.12.01,Introduction to Rune Logic and Symbolic Systems,1.5.12,1,0.22,1.0425,0.48,0.68,0.7,0.27,0.46,0.44,practical,Introductory stonework and structural alchemy module establishing core concepts and practices.
1.5.12.02,Foundations of Structural Enchantment,1.5.12,1,0.26,1.0365,0.54,0.72,0.69,0.25,0.48,0.39,practical,Introductory stonework and structural alchemy module establishing core concepts and practices.
1.5.12.03,"Inscription Techniques: Stone, Metal, Clay",1.5.12,1,0.29,1.0315,0.46,0.68,0.7,0.32,0.49,0.36,practical,"Foundation module in Stonework and Structural Alchemy: Inscription Techniques: Stone, Metal, Clay."
1.5.12.04,Infrastructure as Interface: Ancient and Modern,1.5.12,2,0.48,1.003,0.46,0.68,0.7,0.49,0.52,0.53,practical,Intermediate module in Stonework and Structural Alchemy: Infrastructure as Interface: Ancient and Modern.
1.5.12.05,"Binding, Warding, and Flow in Public Works",1.5.12,2,0.63,0.9519,0.53,0.65,0.7,0.54,0.48,0.59,practical,"Intermediate module in Stonework and Structural Alchemy: Binding, Warding, and Flow in Public Works."
1.5.12.06,Translation and Recovery of Forgotten Runes,1.5.12,2,0.53,0.9889,0.5,0.65,0.73,0.53,0.45,0.57,practical,Intermediate module in Stonework and Structural Alchemy: Translation and Recovery of Forgotten Runes.
1.5.12.07,Capstone: Re-imagining a Public Utility Through Runes,1.5.12,3,0.71,0.9223,0.53,0.69,0.7,0.77,0.49,0.84,project,Final-year integrative project in Stonework and Structural Alchemy: Capstone: Re-imagining a Public Utility Through Runes.
1.5.12.08,Regulatory Glyphs and Civic Design,1.5.12,3,0.73,0.9149,0.52,0.73,0.74,0.61,0.5,0.72,practical,Advanced module in Stonework and Structural Alchemy: Regulatory Glyphs and Civic Design.
1.5.12.09,Ethics of Enchantment in Shared Environments,1.5.12,3,0.76,0.9038,0.55,0.66,0.71,0.66,0.52,0.67,practical,Advanced module in Stonework and Structural Alchemy: Ethics of Enchantment in Shared Environments.
1.5.13.01,Principles of Stone Lore and Material Memory,1.5.13,1,0.3,1.0305,0.48,0.67,0.72,0.28,0.5,0.4,practical,Foundation module in Stonework and Structural Alchemy: Principles of Stone Lore and Material Memory.
1.5.13.02,Sacred Geometry and Form,1.5.13,1,0.44,1.009,0.48,0.66,0.72,0.32,0.49,0.39,practical,Foundation module in Stonework and Structural Alchemy: Sacred Geometry and Form.
1.5.13.03,Drawing and Modelling in Organic Structures,1.5.13,1,0.33,1.0255,0.54,0.71,0.75,0.39,0.44,0.44,practical,Foundation module in Stonework and Structural Alchemy: Drawing and Modelling in Organic Structures.
1.5.13.04,"Foundation Techniques: Earth, Time, and Load",1.5.13,2,0.58,0.9704,0.53,0.66,0.76,0.53,0.45,0.51,practical,"Intermediate module in Stonework and Structural Alchemy: Foundation Techniques: Earth, Time, and Load."
1.5.13.05,Adaptive Architecture: Growing with Place,1.5.13,2,0.64,0.9482,0.48,0.68,0.76,0.5,0.46,0.58,practical,Intermediate module in Stonework and Structural Alchemy: Adaptive Architecture: Growing with Place.
1.5.13.06,Working With Living Rock and Elemental Consent,1.5.13,2,0.45,1.0075,0.46,0.69,0.76,0.48,0.49,0.57,practical,Intermediate module in Stonework and Structural Alchemy: Working With Living Rock and Elemental Consent.
1.5.13.07,Capstone: Design and Construct a Habitat Aligned with Ecosystem Needs,1.5.13,3,0.79,0.8927,0.46,0.7,0.7,0.72,0.45,0.82,project,Final-year integrative project in Stonework and Structural Alchemy: Capstone: Design and Construct a Habitat Aligned with Ecosystem Needs.
1.5.13.08,Regenerative Ruins: Architecture Across Time,1.5.13,3,0.68,0.9334,0.46,0.66,0.7,0.64,0.52,0.73,practical,Advanced module in Stonework and Structural Alchemy: Regenerative Ruins: Architecture Across Time.
1.5.13.09,Stone as Story: Embedding Meaning into Form,1.5.13,3,0.66,0.9408,0.5,0.7,0.75,0.66,0.47,0.73,practical,Advanced module in Stonework and Structural Alchemy: Stone as Story: Embedding Meaning into Form.
1.5.14.01,Histories of Dwarven Infrastructure,1.5.14,1,0.43,1.0105,0.52,0.7,0.71,0.34,0.52,0.36,practical,Foundation module in Stonework and Structural Alchemy: Histories of Dwarven Infrastructure.
1.5.14.02,"Listening to the System: Scent, Sound, Shift",1.5.14,1,0.45,1.0075,0.6,0.68,0.7,0.39,0.51,0.4,practical,"Foundation module in Stonework and Structural Alchemy: Listening to the System: Scent, Sound, Shift."
1.5.14.03,"Tools of Maintenance: Hammer, Song, and Seal",1.5.14,2,0.5,1.0,0.49,0.66,0.76,0.46,0.49,0.52,practical,"Intermediate module in Stonework and Structural Alchemy: Tools of Maintenance: Hammer, Song, and Seal."
1.5.14.04,Ritual Practices in Preventative Architecture,1.5.14,2,0.58,0.9704,0.46,0.69,0.69,0.49,0.51,0.53,practical,Intermediate module in Stonework and Structural Alchemy: Ritual Practices in Preventative Architecture.
1.5.14.05,Repairing with Respect: Cultural Protocols for Care,1.5.14,2,0.6,0.963,0.48,0.7,0.72,0.51,0.49,0.58,practical,Intermediate module in Stonework and Structural Alchemy: Repairing with Respect: Cultural Protocols for Care.
1.5.14.06,Capstone: Restore or Re-invent an Ancient System,1.5.14,3,0.88,0.8594,0.5,0.75,0.75,0.79,0.51,0.83,project,Final-year integrative project in Stonework and Structural Alchemy: Capstone: Restore or Re-invent an Ancient System.
1.5.14.07,Ritual Futures: Designing for Durable Complexity,1.5.14,3,0.8,0.889,0.47,0.74,0.7,0.64,0.46,0.72,practical,Advanced module in Stonework and Structural Alchemy: Ritual Futures: Designing for Durable Complexity.
2.1.15.01,"The Mentor’s Role: Presence, Power, and Practice",2.1.15,1,0.26,1.036,0.83,0.72,0.63,0.33,0.63,0.41,mixed,"Foundation module in Education, Eldership, and Mentoring: The Mentor’s Role: Presence, Power, and Practice."
2.1.15.02,Foundations in Relational Learning,2.1.15,1,0.23,1.041,0.83,0.72,0.63,0.31,0.62,0.38,mixed,"Introductory education, eldership, and mentoring module establishing core concepts and practices."
2.1.15.03,Building Trust Across Difference,2.1.15,2,0.49,1.0015,0.83,0.64,0.59,0.49,0.62,0.53,mixed,"Intermediate module in Education, Eldership, and Mentoring: Building Trust Across Difference."
2.1.15.04,"Scaffolding Growth: Encouragement, Challenge, Timing",2.1.15,2,0.49,1.0015,0.8,0.71,0.6,0.53,0.59,0.53,mixed,"Intermediate module in Education, Eldership, and Mentoring: Scaffolding Growth: Encouragement, Challenge, Timing."
2.1.15.05,"Mentorship in Context I: Personal, Cultural, Political",2.1.15,2,0.53,0.9889,0.76,0.66,0.57,0.48,0.54,0.64,mixed,"Intermediate module in Education, Eldership, and Mentoring: Mentorship in Context I: Personal, Cultural, Political."
2.1.15.06,Mentorship in Context II: Practicum and Peer Feedback,2.1.15,3,0.69,0.9297,0.82,0.68,0.59,0.68,0.6,0.73,mixed,"Advanced module in Education, Eldership, and Mentoring: Mentorship in Context II: Practicum and Peer Feedback."
2.1.15.07,Capstone: Designing a Radical Mentorship Programme,2.1.15,3,0.88,0.8594,0.77,0.71,0.58,0.77,0.63,0.81,project,"Final-year integrative project in Education, Eldership, and Mentoring: Capstone: Designing a Radical Mentorship Programme."
2.1.15.08,"Navigating Endings: Legacy, Loss, and Letting Go",2.1.15,3,0.61,0.9593,0.83,0.65,0.56,0.67,0.64,0.73,mixed,"Advanced module in Education, Eldership, and Mentoring: Navigating Endings: Legacy, Loss, and Letting Go."
2.1.16.01,Deep Listening: Practices from Many Traditions,2.1.16,1,0.29,1.0315,0.86,0.67,0.63,0.39,0.66,0.38,mixed,"Foundation module in Education, Eldership, and Mentoring: Deep Listening: Practices from Many Traditions."
2.1.16.02,"Circle Structures: Time, Space, and Agreement",2.1.16,1,0.44,1.009,0.88,0.7,0.59,0.32,0.67,0.41,mixed,"Foundation module in Education, Eldership, and Mentoring: Circle Structures: Time, Space, and Agreement."
2.1.16.03,Holding Silence and Speaking Truth,2.1.16,2,0.64,0.9482,0.78,0.71,0.61,0.52,0.61,0.53,mixed,"Intermediate module in Education, Eldership, and Mentoring: Holding Silence and Speaking Truth."
2.1.16.04,Facilitator Ethics and Role Fluidity,2.1.16,2,0.62,0.9556,0.83,0.72,0.61,0.46,0.63,0.56,essay,"Intermediate module in Education, Eldership, and Mentoring: Facilitator Ethics and Role Fluidity."
2.1.16.05,Listening Across Conflict and Power Imbalances,2.1.16,2,0.58,0.9704,0.85,0.64,0.63,0.46,0.64,0.53,mixed,"Intermediate module in Education, Eldership, and Mentoring: Listening Across Conflict and Power Imbalances."
2.1.16.06,Capstone: Facilitate a Series of Public Listening Circles,2.1.16,3,0.86,0.8668,0.88,0.67,0.57,0.73,0.69,0.84,project,"Final-year integrative project in Education, Eldership, and Mentoring: Capstone: Facilitate a Series of Public Listening Circles."
2.1.16.07,Designing Circles for Systemic Change,2.1.16,3,0.64,0.9482,0.85,0.74,0.62,0.69,0.73,0.7,mixed,"Advanced module in Education, Eldership, and Mentoring: Designing Circles for Systemic Change."
2.1.16.08,Circle Pedagogies and Collective Memory,2.1.16,3,0.64,0.9482,0.87,0.72,0.57,0.66,0.67,0.66,mixed,"Advanced module in Education, Eldership, and Mentoring: Circle Pedagogies and Collective Memory."
2.1.17.01,Theories of Care: Interdependence and Responsibility,2.1.17,1,0.39,1.0165,0.83,0.64,0.63,0.39,0.6,0.38,essay,"Foundation module in Education, Eldership, and Mentoring: Theories of Care: Interdependence and Responsibility."
2.1.17.02,Craft as Teaching: Making with Meaning,2.1.17,1,0.39,1.0165,0.79,0.74,0.6,0.31,0.61,0.44,mixed,"Foundation module in Education, Eldership, and Mentoring: Craft as Teaching: Making with Meaning."
2.1.17.03,Intergenerational Practice: Elderhood and Youth Wisdom,2.1.17,2,0.53,0.9889,0.83,0.69,0.63,0.52,0.66,0.57,mixed,"Intermediate module in Education, Eldership, and Mentoring: Intergenerational Practice: Elderhood and Youth Wisdom."
2.1.17.04,"Continuity in Fragile Systems: Ritual, Routine, Rehearsal",2.1.17,2,0.51,0.9963,0.8,0.72,0.57,0.5,0.62,0.56,mixed,"Intermediate module in Education, Eldership, and Mentoring: Continuity in Fragile Systems: Ritual, Routine, Rehearsal."
2.1.17.05,Cultivating Presence Through Slow Making,2.1.17,2,0.47,1.0045,0.83,0.74,0.61,0.52,0.6,0.59,mixed,"Intermediate module in Education, Eldership, and Mentoring: Cultivating Presence Through Slow Making."
2.1.17.06,Capstone: Weaving a Continuity Practice for a Community,2.1.17,3,0.79,0.8927,0.87,0.64,0.56,0.76,0.71,0.86,project,"Final-year integrative project in Education, Eldership, and Mentoring: Capstone: Weaving a Continuity Practice for a Community."
2.1.17.07,Designing Care-Centred Institutions,2.1.17,3,0.71,0.9223,0.84,0.72,0.61,0.66,0.66,0.69,mixed,"Advanced module in Education, Eldership, and Mentoring: Designing Care-Centred Institutions."
2.1.17.08,Understanding Through Witnessing and Storycatching,2.1.17,3,0.69,0.9297,0.79,0.69,0.58,0.66,0.59,0.72,mixed,"Advanced module in Education, Eldership, and Mentoring: Understanding Through Witnessing and Storycatching."
2.2.18.01,"Plant Allies: Identification, Ethics, and Harvesting",2.2.18,1,0.35,1.0225,0.73,0.64,0.65,0.39,0.68,0.44,mixed,"Foundation module in Healing and Embodied Knowledge: Plant Allies: Identification, Ethics, and Harvesting."
2.2.18.02,"Introduction to Energy Work: Hands, Breath, Field",2.2.18,1,0.3,1.0305,0.74,0.64,0.66,0.28,0.67,0.44,mixed,Introductory healing and embodied knowledge module establishing core concepts and practices.
2.2.18.03,"Herbal Preparations: Teas, Salves, and Tinctures",2.2.18,2,0.5,1.0,0.74,0.68,0.66,0.53,0.71,0.59,mixed,"Intermediate module in Healing and Embodied Knowledge: Herbal Preparations: Teas, Salves, and Tinctures."
2.2.18.04,Elemental Correspondences in Healing,2.2.18,2,0.61,0.9593,0.75,0.71,0.69,0.47,0.71,0.56,mixed,Intermediate module in Healing and Embodied Knowledge: Elemental Correspondences in Healing.
2.2.18.05,Practicum: Healing in Community Contexts,2.2.18,2,0.61,0.9593,0.76,0.7,0.65,0.51,0.76,0.53,practical,Intermediate module in Healing and Embodied Knowledge: Practicum: Healing in Community Contexts.
2.2.18.06,Capstone: Design a Personal or Communal Apothecary,2.2.18,3,0.78,0.8964,0.71,0.75,0.63,0.79,0.58,0.92,project,Final-year integrative project in Healing and Embodied Knowledge: Capstone: Design a Personal or Communal Apothecary.
2.2.18.07,Energetic Boundaries and Practitioner Resilience,2.2.18,3,0.63,0.9519,0.71,0.65,0.64,0.63,0.69,0.7,mixed,Advanced module in Healing and Embodied Knowledge: Energetic Boundaries and Practitioner Resilience.
2.2.18.08,Rewilding the Self: Herbal Knowledge,2.2.18,3,0.78,0.8964,0.73,0.67,0.63,0.61,0.72,0.71,mixed,Advanced module in Healing and Embodied Knowledge: Rewilding the Self: Herbal Knowledge.
2.2.19.01,"Embodied Learning: Movement, Stillness, Attention",2.2.19,1,0.32,1.027,0.68,0.7,0.66,0.33,0.65,0.41,mixed,"Foundation module in Healing and Embodied Knowledge: Embodied Learning: Movement, Stillness, Attention."
2.2.19.02,Foundations of Somatic Awareness,2.2.19,1,0.28,1.0334,0.74,0.68,0.66,0.32,0.72,0.42,mixed,Introductory healing and embodied knowledge module establishing core concepts and practices.
2.2.19.03,Teaching With the Body: Facilitation as Flow,2.2.19,2,0.63,0.9519,0.76,0.69,0.63,0.48,0.69,0.53,mixed,Intermediate module in Healing and Embodied Knowledge: Teaching With the Body: Facilitation as Flow.
2.2.19.04,"Breath, Touch, and Grounding Techniques",2.2.19,2,0.65,0.9445,0.72,0.71,0.64,0.47,0.71,0.58,mixed,"Intermediate module in Healing and Embodied Knowledge: Breath, Touch, and Grounding Techniques."
2.2.19.05,Interoception and Trauma-Informed Practice,2.2.19,2,0.5,1.0,0.73,0.69,0.67,0.52,0.71,0.57,mixed,Intermediate module in Healing and Embodied Knowledge: Interoception and Trauma-Informed Practice.
2.2.19.06,Capstone: Facilitate a Series of Body-Centred Workshops,2.2.19,3,0.8,0.889,0.79,0.68,0.68,0.78,0.68,0.85,project,Final-year integrative project in Healing and Embodied Knowledge: Capstone: Facilitate a Series of Body-Centred Workshops.
2.2.19.07,"Reflective Practice: Journaling, Mapping, Witnessing",2.2.19,3,0.67,0.9371,0.71,0.65,0.67,0.66,0.58,0.8,mixed,"Advanced module in Healing and Embodied Knowledge: Reflective Practice: Journaling, Mapping, Witnessing."
2.2.19.08,The Body in Learning Institutions: Politics and Potential,2.2.19,3,0.6,0.963,0.76,0.66,0.68,0.65,0.65,0.73,mixed,Advanced module in Healing and Embodied Knowledge: The Body in Learning Institutions: Politics and Potential.
2.2.20.01,Dreamtime Foundations: Personal and Cultural Archetypes,2.2.20,1,0.31,1.0285,0.73,0.71,0.68,0.38,0.57,0.54,mixed,Foundation module in Healing and Embodied Knowledge: Dreamtime Foundations: Personal and Cultural Archetypes.
2.2.20.02,Introduction to Somatic Inquiry Methods,2.2.20,1,0.39,1.017,0.7,0.69,0.61,0.3,0.64,0.36,mixed,Introductory healing and embodied knowledge module establishing core concepts and practices.
2.2.20.03,Recording and Mapping the Dream Body,2.2.20,2,0.46,1.006,0.73,0.66,0.66,0.5,0.69,0.53,mixed,Intermediate module in Healing and Embodied Knowledge: Recording and Mapping the Dream Body.
2.2.20.04,"Night as Pedagogue: Sleep, Memory, Imagination",2.2.20,2,0.62,0.9556,0.73,0.72,0.63,0.54,0.67,0.53,mixed,"Intermediate module in Healing and Embodied Knowledge: Night as Pedagogue: Sleep, Memory, Imagination."
2.2.20.05,Guided Movement and Embodied Dream Reenactment,2.2.20,2,0.54,0.9852,0.75,0.68,0.61,0.51,0.65,0.51,mixed,Intermediate module in Healing and Embodied Knowledge: Guided Movement and Embodied Dream Reenactment.
2.2.20.06,Capstone: Dream Inquiry Portfolio or Performance,2.2.20,3,0.73,0.9149,0.7,0.66,0.64,0.74,0.66,0.79,project,Final-year integrative project in Healing and Embodied Knowledge: Capstone: Dream Inquiry Portfolio or Performance.
2.2.20.07,Cross-Cultural Perspectives on Dream Work,2.2.20,3,0.76,0.9038,0.76,0.68,0.65,0.69,0.65,0.66,mixed,Advanced module in Healing and Embodied Knowledge: Cross-Cultural Perspectives on Dream Work.
2.2.20.08,Dreaming in Systems: Collective Unconscious and Social Change,2.2.20,3,0.62,0.9556,0.8,0.7,0.67,0.63,0.74,0.74,mixed,Advanced module in Healing and Embodied Knowledge: Dreaming in Systems: Collective Unconscious and Social Change.
2.3.21.01,Principles of Restorative Space,2.3.21,1,0.31,1.029,0.81,0.69,0.6,0.33,0.74,0.37,mixed,Foundation module in Hospitality and Conflict Holding: Principles of Restorative Space.
2.3.21.02,"Materials, Light, and Layout for Healing",2.3.21,1,0.29,1.0315,0.86,0.68,0.64,0.31,0.7,0.39,mixed,"Foundation module in Hospitality and Conflict Holding: Materials, Light, and Layout for Healing."
2.3.21.03,Thresholds and Transitions: Entering With Intention,2.3.21,1,0.41,1.0135,0.85,0.66,0.63,0.38,0.72,0.42,mixed,Foundation module in Hospitality and Conflict Holding: Thresholds and Transitions: Entering With Intention.
2.3.21.04,Sensory Architecture and Emotional Atmosphere,2.3.21,2,0.55,0.9815,0.87,0.7,0.59,0.51,0.74,0.57,mixed,Intermediate module in Hospitality and Conflict Holding: Sensory Architecture and Emotional Atmosphere.
2.3.21.05,Ritual and Symbol in Spatial Design,2.3.21,2,0.64,0.9482,0.88,0.72,0.62,0.53,0.71,0.52,mixed,Intermediate module in Hospitality and Conflict Holding: Ritual and Symbol in Spatial Design.
2.3.21.06,Co-Designing With Community Needs,2.3.21,2,0.52,0.9926,0.92,0.72,0.62,0.5,0.82,0.55,mixed,Intermediate module in Hospitality and Conflict Holding: Co-Designing With Community Needs.
2.3.21.07,Capstone: Transform a Space for Restorative Use,2.3.21,3,0.82,0.8816,0.89,0.68,0.59,0.72,0.74,0.78,project,Final-year integrative project in Hospitality and Conflict Holding: Capstone: Transform a Space for Restorative Use.
2.3.21.08,Ethics of Hospitality and Access,2.3.21,3,0.79,0.8927,0.83,0.71,0.63,0.61,0.71,0.71,essay,Advanced module in Hospitality and Conflict Holding: Ethics of Hospitality and Access.
2.3.21.09,"Designing for Uncertainty: Crisis, Grief, Renewal",2.3.21,3,0.72,0.9186,0.89,0.73,0.63,0.65,0.68,0.69,mixed,"Advanced module in Hospitality and Conflict Holding: Designing for Uncertainty: Crisis, Grief, Renewal."
2.3.22.01,Foundations of Mediation and Dialogue,2.3.22,1,0.29,1.0319,0.91,0.72,0.61,0.26,0.7,0.4,mixed,Introductory hospitality and conflict holding module establishing core concepts and practices.
2.3.22.02,"Listening Between: Power, Culture, Emotion",2.3.22,1,0.39,1.0165,0.92,0.72,0.57,0.38,0.74,0.43,mixed,"Foundation module in Hospitality and Conflict Holding: Listening Between: Power, Culture, Emotion."
2.3.22.03,Conflict as Opportunity: Theories and Practices,2.3.22,2,0.6,0.963,0.87,0.7,0.64,0.47,0.72,0.58,mixed,Intermediate module in Hospitality and Conflict Holding: Conflict as Opportunity: Theories and Practices.
2.3.22.04,Holding the Heat: De-escalation and Reframing,2.3.22,2,0.6,0.963,0.86,0.66,0.64,0.46,0.76,0.56,mixed,Intermediate module in Hospitality and Conflict Holding: Holding the Heat: De-escalation and Reframing.
2.3.22.05,"Mediation Across Difference: Language, Ability, Identity",2.3.22,2,0.54,0.9852,0.92,0.67,0.56,0.51,0.68,0.56,mixed,"Intermediate module in Hospitality and Conflict Holding: Mediation Across Difference: Language, Ability, Identity."
2.3.22.06,Capstone: Mediation in Practice — Live or Simulated Casework,2.3.22,3,0.79,0.8927,0.89,0.66,0.59,0.73,0.71,0.85,project,Final-year integrative project in Hospitality and Conflict Holding: Capstone: Mediation in Practice — Live or Simulated Casework.
2.3.22.07,Reflective Practitioner Portfolio,2.3.22,3,0.73,0.9149,0.83,0.69,0.56,0.65,0.65,0.79,project,Advanced module in Hospitality and Conflict Holding: Reflective Practitioner Portfolio.
2.3.22.08,Peacebuilding and Structural Justice,2.3.22,3,0.73,0.9149,0.89,0.68,0.56,0.62,0.7,0.7,mixed,Advanced module in Hospitality and Conflict Holding: Peacebuilding and Structural Justice.
2.3.23.01,Histories and Futures of Hospitality,2.3.23,1,0.33,1.0255,0.85,0.68,0.58,0.33,0.76,0.36,essay,Foundation module in Hospitality and Conflict Holding: Histories and Futures of Hospitality.
2.3.23.02,The Host as Educator and Healer,2.3.23,1,0.42,1.012,0.86,0.71,0.61,0.37,0.7,0.41,mixed,Foundation module in Hospitality and Conflict Holding: The Host as Educator and Healer.
2.3.23.03,"Radical Welcome: Access, Consent, and Cultural Warmth",2.3.23,2,0.58,0.9704,0.81,0.66,0.58,0.53,0.75,0.54,mixed,"Intermediate module in Hospitality and Conflict Holding: Radical Welcome: Access, Consent, and Cultural Warmth."
2.3.23.04,"Designing Encounters: Food, Gesture, Environment",2.3.23,2,0.49,1.0015,0.81,0.73,0.64,0.48,0.71,0.51,mixed,"Intermediate module in Hospitality and Conflict Holding: Designing Encounters: Food, Gesture, Environment."
2.3.23.05,"Hospitality and Power: Who Serves, Who Rests?",2.3.23,2,0.5,1.0,0.84,0.67,0.56,0.5,0.71,0.57,mixed,"Intermediate module in Hospitality and Conflict Holding: Hospitality and Power: Who Serves, Who Rests?."
2.3.23.06,Capstone: Design and Host a Multi-Species Hospitality Event,2.3.23,3,0.87,0.8631,0.92,0.75,0.58,0.74,0.78,0.82,project,Final-year integrative project in Hospitality and Conflict Holding: Capstone: Design and Host a Multi-Species Hospitality Event.
2.3.23.07,Anti-Extractive Hosting in Institutional Settings,2.3.23,3,0.61,0.9593,0.81,0.71,0.62,0.64,0.7,0.67,mixed,Advanced module in Hospitality and Conflict Holding: Anti-Extractive Hosting in Institutional Settings.
2.3.23.08,"Maintenance, Mess, and Mutuality in Daily Life",2.3.23,3,0.71,0.9223,0.92,0.68,0.63,0.61,0.77,0.7,mixed,"Advanced module in Hospitality and Conflict Holding: Maintenance, Mess, and Mutuality in Daily Life."
2.4.24.01,"What Is a Ceremony? Structures, Symbols, Intentions",2.4.24,1,0.37,1.0199,0.76,0.7,0.54,0.3,0.64,0.42,essay,"Foundation module in Rites, Rest, and Renewal: What Is a Ceremony? Structures, Symbols, Intentions."
2.4.24.02,"Elements of Ritual: Object, Word, Movement, Space",2.4.24,1,0.3,1.03,0.71,0.73,0.58,0.38,0.69,0.43,mixed,"Foundation module in Rites, Rest, and Renewal: Elements of Ritual: Object, Word, Movement, Space."
2.4.24.03,"Ceremonies of Passage: Birth, Death, Thresholds",2.4.24,2,0.54,0.9852,0.76,0.72,0.59,0.48,0.64,0.58,mixed,"Intermediate module in Rites, Rest, and Renewal: Ceremonies of Passage: Birth, Death, Thresholds."
2.4.24.04,Designing with Sensory Awareness,2.4.24,2,0.54,0.9852,0.72,0.81,0.56,0.47,0.7,0.51,mixed,"Intermediate module in Rites, Rest, and Renewal: Designing with Sensory Awareness."
2.4.24.05,The Role of Witnesses and Co-Creators,2.4.24,2,0.59,0.9667,0.7,0.71,0.51,0.54,0.65,0.58,mixed,"Intermediate module in Rites, Rest, and Renewal: The Role of Witnesses and Co-Creators."
2.4.24.06,Capstone: Design and Facilitate a Public Ceremony,2.4.24,3,0.7,0.926,0.8,0.8,0.55,0.78,0.68,0.83,project,"Final-year integrative project in Rites, Rest, and Renewal: Capstone: Design and Facilitate a Public Ceremony."
2.4.24.07,Ceremony in Activism and Social Change,2.4.24,3,0.75,0.9075,0.72,0.76,0.52,0.61,0.64,0.73,mixed,"Advanced module in Rites, Rest, and Renewal: Ceremony in Activism and Social Change."
2.4.24.08,Ethics of Cultural Borrowing and Ancestral Respect,2.4.24,3,0.78,0.8964,0.69,0.69,0.52,0.68,0.72,0.71,essay,"Advanced module in Rites, Rest, and Renewal: Ethics of Cultural Borrowing and Ancestral Respect."
2.4.25.01,"Time as Construct: Clocks, Moons, and Memory",2.4.25,1,0.37,1.0195,0.75,0.75,0.52,0.32,0.67,0.4,mixed,"Foundation module in Rites, Rest, and Renewal: Time as Construct: Clocks, Moons, and Memory."
2.4.25.02,"Rhythms of the Body, Land, and Cosmos",2.4.25,1,0.29,1.0315,0.69,0.74,0.57,0.36,0.68,0.38,mixed,"Foundation module in Rites, Rest, and Renewal: Rhythms of the Body, Land, and Cosmos."
2.4.25.03,Calendars and Cosmologies: Comparative Temporal Systems,2.4.25,2,0.68,0.9334,0.68,0.73,0.56,0.46,0.71,0.51,essay,"Intermediate module in Rites, Rest, and Renewal: Calendars and Cosmologies: Comparative Temporal Systems."
2.4.25.04,Interrupting the Clock: Rituals of Rest and Reversal,2.4.25,2,0.51,0.9963,0.7,0.72,0.52,0.54,0.64,0.52,mixed,"Intermediate module in Rites, Rest, and Renewal: Interrupting the Clock: Rituals of Rest and Reversal."
2.4.25.05,Designing Temporal Tools for Community Use,2.4.25,2,0.6,0.963,0.81,0.8,0.53,0.46,0.75,0.55,mixed,"Intermediate module in Rites, Rest, and Renewal: Designing Temporal Tools for Community Use."
2.4.25.06,Capstone: Construct a Plural-Time Framework for a Real-World Setting,2.4.25,3,0.76,0.9038,0.71,0.73,0.55,0.74,0.69,0.81,project,"Final-year integrative project in Rites, Rest, and Renewal: Capstone: Construct a Plural-Time Framework for a Real-World Setting."
2.4.25.07,"Timekeeping and Power: Whose Time, Whose Pace?",2.4.25,3,0.75,0.9075,0.69,0.68,0.52,0.61,0.71,0.7,mixed,"Advanced module in Rites, Rest, and Renewal: Timekeeping and Power: Whose Time, Whose Pace?."
2.4.25.08,Futures of Time: Nonlinear Learning and Post-Work Worlds,2.4.25,3,0.73,0.9149,0.69,0.75,0.59,0.69,0.72,0.7,mixed,"Advanced module in Rites, Rest, and Renewal: Futures of Time: Nonlinear Learning and Post-Work Worlds."
2.4.26.01,"Rites of the Ancients: Elven, Dwarven, and Beyond",2.4.26,1,0.42,1.012,0.75,0.71,0.54,0.38,0.66,0.43,mixed,"Foundation module in Rites, Rest, and Renewal: Rites of the Ancients: Elven, Dwarven, and Beyond."
2.4.26.02,Reading Ritual Traces in Landscape and Object,2.4.26,1,0.44,1.009,0.69,0.76,0.51,0.39,0.7,0.38,mixed,"Foundation module in Rites, Rest, and Renewal: Reading Ritual Traces in Landscape and Object."
2.4.26.03,"Reconstructing Ceremony: Inference, Integrity, Imagination",2.4.26,2,0.7,0.926,0.75,0.71,0.52,0.5,0.65,0.56,mixed,"Intermediate module in Rites, Rest, and Renewal: Reconstructing Ceremony: Inference, Integrity, Imagination."
2.4.26.04,"Embodied Practice: Chants, Tools, Gestures",2.4.26,2,0.56,0.9778,0.7,0.73,0.54,0.47,0.68,0.52,mixed,"Intermediate module in Rites, Rest, and Renewal: Embodied Practice: Chants, Tools, Gestures."
2.4.26.05,Ritual Language and Sacred Scripts,2.4.26,2,0.57,0.9741,0.75,0.68,0.52,0.54,0.64,0.54,mixed,"Intermediate module in Rites, Rest, and Renewal: Ritual Language and Sacred Scripts."
2.4.26.06,Capstone: Design a Rite Rooted in Place and Lineage,2.4.26,3,0.8,0.889,0.72,0.75,0.58,0.77,0.68,0.78,project,"Final-year integrative project in Rites, Rest, and Renewal: Capstone: Design a Rite Rooted in Place and Lineage."
2.4.26.07,"Living Rites: Revival, Adaptation, and Resistance",2.4.26,3,0.66,0.9408,0.7,0.7,0.54,0.66,0.67,0.72,mixed,"Advanced module in Rites, Rest, and Renewal: Living Rites: Revival, Adaptation, and Resistance."
2.4.26.08,Archive as Altar: Preservation and Continuation of Rites,2.4.26,3,0.6,0.963,0.76,0.68,0.56,0.69,0.67,0.7,mixed,"Advanced module in Rites, Rest, and Renewal: Archive as Altar: Preservation and Continuation of Rites."
3.1.27.01,What Counts as Knowledge? A Critical Introduction,3.1.27,1,0.53,0.9885,0.56,0.73,0.24,0.28,0.44,0.52,essay,Foundation module in Ecologies of Knowledge: What Counts as Knowledge? A Critical Introduction.
3.1.27.02,"Mapping Epistemic Power: Institutions, Identity, Inheritance",3.1.27,1,0.45,1.0075,0.51,0.73,0.21,0.39,0.49,0.57,essay,"Foundation module in Ecologies of Knowledge: Mapping Epistemic Power: Institutions, Identity, Inheritance."
3.1.27.03,Marginalised Knowledges: Case Studies and Counter-Stories,3.1.27,2,0.59,0.9667,0.56,0.75,0.16,0.53,0.48,0.71,essay,Intermediate module in Ecologies of Knowledge: Marginalised Knowledges: Case Studies and Counter-Stories.
3.1.27.04,Pedagogies of Refusal and Disobedience,3.1.27,2,0.58,0.9704,0.56,0.69,0.22,0.46,0.45,0.67,essay,Intermediate module in Ecologies of Knowledge: Pedagogies of Refusal and Disobedience.
3.1.27.05,Research as Repair: Methods for Epistemic Accountability,3.1.27,2,0.48,1.003,0.53,0.75,0.16,0.47,0.52,0.71,essay,Intermediate module in Ecologies of Knowledge: Research as Repair: Methods for Epistemic Accountability.
3.1.27.06,Capstone: Design an Intervention for Epistemic Justice in a Chosen Setting,3.1.27,3,0.88,0.8594,0.58,0.77,0.16,0.72,0.45,0.86,project,Final-year integrative project in Ecologies of Knowledge: Capstone: Design an Intervention for Epistemic Justice in a Chosen Setting.
3.1.27.07,"Ethics of Citation, Silence, and Centreing",3.1.27,3,0.61,0.9593,0.58,0.76,0.17,0.61,0.44,0.85,essay,"Advanced module in Ecologies of Knowledge: Ethics of Citation, Silence, and Centreing."
3.1.27.08,From Justice to Joy: Knowledge for Liberation,3.1.27,3,0.61,0.9593,0.59,0.74,0.18,0.66,0.48,0.86,essay,Advanced module in Ecologies of Knowledge: From Justice to Joy: Knowledge for Liberation.
3.1.28.01,Introduction to Indigenous and Folk Epistemologies,3.1.28,1,0.48,1.0029,0.54,0.69,0.24,0.25,0.52,0.51,essay,Introductory ecologies of knowledge module establishing core concepts and practices.
3.1.28.02,"Story, Land, and Lineage as Knowledge Archives",3.1.28,1,0.64,0.9482,0.51,0.72,0.23,0.31,0.5,0.51,essay,"Foundation module in Ecologies of Knowledge: Story, Land, and Lineage as Knowledge Archives."
3.1.28.03,Seasonal Cycles and Place-Based Know-How,3.1.28,2,0.48,1.003,0.59,0.72,0.21,0.46,0.46,0.66,essay,Intermediate module in Ecologies of Knowledge: Seasonal Cycles and Place-Based Know-How.
3.1.28.04,"Oral Tradition, Performance, and Craft Transmission",3.1.28,2,0.63,0.9519,0.57,0.79,0.16,0.52,0.44,0.66,essay,"Intermediate module in Ecologies of Knowledge: Oral Tradition, Performance, and Craft Transmission."
3.1.28.05,Fieldwork: Learning with Local Knowledge Holders,3.1.28,2,0.62,0.9556,0.56,0.73,0.22,0.49,0.47,0.66,mixed,Intermediate module in Ecologies of Knowledge: Fieldwork: Learning with Local Knowledge Holders.
3.1.28.06,Capstone: Collaborative Knowledge Project with a Community or Elder,3.1.28,3,0.71,0.9223,0.61,0.72,0.16,0.71,0.56,0.84,project,Final-year integrative project in Ecologies of Knowledge: Capstone: Collaborative Knowledge Project with a Community or Elder.
3.1.28.07,Continuity and Innovation: Keeping Knowledge Alive,3.1.28,3,0.62,0.9556,0.51,0.72,0.23,0.63,0.46,0.82,essay,Advanced module in Ecologies of Knowledge: Continuity and Innovation: Keeping Knowledge Alive.
3.1.28.08,"Knowledge Under Threat: Colonisation, Climate, and Cultural Loss",3.1.28,3,0.65,0.9445,0.51,0.75,0.24,0.65,0.49,0.83,essay,"Advanced module in Ecologies of Knowledge: Knowledge Under Threat: Colonisation, Climate, and Cultural Loss."
3.2.29.01,"Lifespan Learning: Cognitive, Emotional, and Social Perspectives",3.2.29,1,0.26,1.036,0.57,0.7,0.32,0.31,0.46,0.45,essay,"Foundation module in Learning Futures: Lifespan Learning: Cognitive, Emotional, and Social Perspectives."
3.2.29.02,"The Role of Elders, Children, and Peers in Knowledge Cultures",3.2.29,1,0.43,1.0105,0.56,0.71,0.3,0.32,0.47,0.43,essay,"Foundation module in Learning Futures: The Role of Elders, Children, and Peers in Knowledge Cultures."
3.2.29.03,Designing for Dialogue Across Generations,3.2.29,2,0.57,0.9741,0.65,0.76,0.35,0.46,0.45,0.56,essay,Intermediate module in Learning Futures: Designing for Dialogue Across Generations.
3.2.29.04,"Memory, Story, and Shared Futures",3.2.29,2,0.63,0.9519,0.63,0.72,0.29,0.51,0.56,0.56,essay,"Intermediate module in Learning Futures: Memory, Story, and Shared Futures."
3.2.29.05,"Intergenerational Learning in Family, Community, and Institutional Settings",3.2.29,2,0.55,0.9815,0.67,0.76,0.35,0.46,0.54,0.58,essay,"Intermediate module in Learning Futures: Intergenerational Learning in Family, Community, and Institutional Settings."
3.2.29.06,Capstone: Design and Evaluate a Multi-Generational Learning Experience,3.2.29,3,0.74,0.9112,0.67,0.74,0.3,0.76,0.53,0.82,project,Final-year integrative project in Learning Futures: Capstone: Design and Evaluate a Multi-Generational Learning Experience.
3.2.29.07,Learning as Kinship: Ethics and Boundaries of Relational Education,3.2.29,3,0.76,0.9038,0.6,0.74,0.35,0.63,0.47,0.71,essay,Advanced module in Learning Futures: Learning as Kinship: Ethics and Boundaries of Relational Education.
3.2.29.08,"Time, Trust, and Transmission: Rethinking Educational Legacies",3.2.29,3,0.75,0.9075,0.55,0.72,0.34,0.62,0.45,0.71,essay,"Advanced module in Learning Futures: Time, Trust, and Transmission: Rethinking Educational Legacies."
3.2.30.01,Learning in Crisis: Adaptive Theories of Change,3.2.30,1,0.34,1.024,0.55,0.69,0.36,0.32,0.5,0.47,essay,Foundation module in Learning Futures: Learning in Crisis: Adaptive Theories of Change.
3.2.30.02,"Uncertainty as Curriculum: Improvisation, Reflection, and Risk",3.2.30,1,0.31,1.0285,0.58,0.76,0.34,0.35,0.49,0.43,essay,"Foundation module in Learning Futures: Uncertainty as Curriculum: Improvisation, Reflection, and Risk."
3.2.30.03,Slow Pedagogies and the Politics of Urgency,3.2.30,2,0.58,0.9704,0.59,0.69,0.31,0.48,0.47,0.57,essay,Intermediate module in Learning Futures: Slow Pedagogies and the Politics of Urgency.
3.2.30.04,Teaching for Futures Not Yet Known,3.2.30,2,0.55,0.9815,0.6,0.75,0.32,0.49,0.44,0.56,essay,Intermediate module in Learning Futures: Teaching for Futures Not Yet Known.
3.2.30.05,"Climate, Collapse, and the Emotional Life of Learners",3.2.30,2,0.46,1.006,0.55,0.71,0.33,0.51,0.48,0.62,essay,"Intermediate module in Learning Futures: Climate, Collapse, and the Emotional Life of Learners."
3.2.30.06,Capstone: Prototype a Learning Process for a Complex Challenge,3.2.30,3,0.92,0.8446,0.55,0.68,0.29,0.72,0.44,0.79,project,Final-year integrative project in Learning Futures: Capstone: Prototype a Learning Process for a Complex Challenge.
3.2.30.07,Rehearsing the Unthinkable: Scenario Pedagogies and Ritual Learning,3.2.30,3,0.8,0.889,0.62,0.74,0.32,0.62,0.44,0.71,essay,Advanced module in Learning Futures: Rehearsing the Unthinkable: Scenario Pedagogies and Ritual Learning.
3.2.30.08,"Rebuilding from the Rubble: Hope, Failure, and Regenerative Education",3.2.30,3,0.61,0.9593,0.58,0.7,0.31,0.69,0.45,0.73,essay,"Advanced module in Learning Futures: Rebuilding from the Rubble: Hope, Failure, and Regenerative Education."
3.3.31.01,Foundations of Systems and Frameworks,3.3.31,1,0.26,1.0365,0.54,0.75,0.49,0.29,0.51,0.43,essay,Introductory transdisciplinary design and praxis module establishing core concepts and practices.
3.3.31.02,Mapping Knowledge: Visualisation and Vocabulary,3.3.31,1,0.44,1.009,0.57,0.74,0.48,0.38,0.51,0.42,essay,Foundation module in Transdisciplinary Design and Praxis: Mapping Knowledge: Visualisation and Vocabulary.
3.3.31.03,"Designing for Complexity: Models, Tools, and Tensions",3.3.31,2,0.67,0.9371,0.55,0.83,0.46,0.53,0.44,0.64,essay,"Intermediate module in Transdisciplinary Design and Praxis: Designing for Complexity: Models, Tools, and Tensions."
3.3.31.04,Rapid Prototyping for Learning and Decision-Making,3.3.31,2,0.54,0.9852,0.58,0.88,0.47,0.54,0.45,0.59,essay,Intermediate module in Transdisciplinary Design and Praxis: Rapid Prototyping for Learning and Decision-Making.
3.3.31.05,"Failure, Feedback, and Iteration in Knowledge Design",3.3.31,2,0.62,0.9556,0.52,0.8,0.54,0.47,0.52,0.64,essay,"Intermediate module in Transdisciplinary Design and Praxis: Failure, Feedback, and Iteration in Knowledge Design."
3.3.31.06,Capstone: Build and Test a Knowledge System for a Real-World Context,3.3.31,3,0.76,0.9038,0.56,0.76,0.51,0.74,0.49,0.84,project,Final-year integrative project in Transdisciplinary Design and Praxis: Capstone: Build and Test a Knowledge System for a Real-World Context.
3.3.31.07,"Ethics of Representation, Abstraction, and Power",3.3.31,3,0.78,0.8964,0.58,0.75,0.54,0.61,0.46,0.75,essay,"Advanced module in Transdisciplinary Design and Praxis: Ethics of Representation, Abstraction, and Power."
3.3.31.08,Translating Between Worlds: Interdisciplinary Bridge-Building,3.3.31,3,0.68,0.9334,0.58,0.82,0.47,0.61,0.48,0.74,essay,Advanced module in Transdisciplinary Design and Praxis: Translating Between Worlds: Interdisciplinary Bridge-Building.
3.3.32.01,"The Body as Instrument, Archive, and Witness",3.3.32,1,0.26,1.036,0.52,0.79,0.48,0.31,0.45,0.47,essay,"Foundation module in Transdisciplinary Design and Praxis: The Body as Instrument, Archive, and Witness."
3.3.32.02,Introduction to Embodied Inquiry Practices,3.3.32,1,0.34,1.0245,0.54,0.75,0.52,0.26,0.44,0.47,essay,Introductory transdisciplinary design and praxis module establishing core concepts and practices.
3.3.32.03,"Movement, Memory, and Meaning-Making",3.3.32,2,0.49,1.0015,0.59,0.88,0.46,0.54,0.51,0.57,essay,"Intermediate module in Transdisciplinary Design and Praxis: Movement, Memory, and Meaning-Making."
3.3.32.04,Autoethnography and Sensory Documentation,3.3.32,2,0.61,0.9593,0.58,0.81,0.46,0.48,0.47,0.56,essay,Intermediate module in Transdisciplinary Design and Praxis: Autoethnography and Sensory Documentation.
3.3.32.05,Ethics of Vulnerability and Exposure in Research,3.3.32,2,0.52,0.9926,0.54,0.75,0.47,0.53,0.48,0.58,essay,Intermediate module in Transdisciplinary Design and Praxis: Ethics of Vulnerability and Exposure in Research.
3.3.32.06,Capstone: Perform or Document an Embodied Research Process,3.3.32,3,0.72,0.9186,0.56,0.75,0.49,0.78,0.45,0.83,project,Final-year integrative project in Transdisciplinary Design and Praxis: Capstone: Perform or Document an Embodied Research Process.
3.3.32.07,Designing Research with Care and Consent,3.3.32,3,0.64,0.9482,0.53,0.81,0.48,0.68,0.52,0.75,essay,Advanced module in Transdisciplinary Design and Praxis: Designing Research with Care and Consent.
3.3.32.08,Beyond Objectivity: Knowing Through Being and Becoming,3.3.32,3,0.71,0.9223,0.59,0.81,0.54,0.66,0.49,0.73,essay,Advanced module in Transdisciplinary Design and Praxis: Beyond Objectivity: Knowing Through Being and Becoming.
4.1.33.01,"Introduction to Ancient Lexicons: Form, Function, Power",4.1.33,1,0.2,1.045,0.63,0.7,0.32,0.26,0.53,0.36,essay,Introductory language and symbol module establishing core concepts and practices.
4.1.33.02,Script and Sound: Orthography Through Time,4.1.33,1,0.37,1.0195,0.62,0.7,0.34,0.35,0.52,0.44,essay,Foundation module in Language and Symbol: Script and Sound: Orthography Through Time.
4.1.33.03,Translators as Bridgebuilders: Ethics and Dilemmas,4.1.33,2,0.57,0.9741,0.64,0.69,0.38,0.5,0.51,0.58,essay,Intermediate module in Language and Symbol: Translators as Bridgebuilders: Ethics and Dilemmas.
4.1.33.04,Reconstructing Lost Grammar Systems,4.1.33,2,0.7,0.926,0.64,0.75,0.37,0.51,0.53,0.58,essay,Intermediate module in Language and Symbol: Reconstructing Lost Grammar Systems.
4.1.33.05,Magical Texts and Forbidden Phrases,4.1.33,2,0.54,0.9852,0.63,0.69,0.33,0.49,0.51,0.59,essay,Intermediate module in Language and Symbol: Magical Texts and Forbidden Phrases.
4.1.33.06,Capstone: Translate and Annotate a Ritual or Found Text,4.1.33,3,0.78,0.8964,0.61,0.75,0.36,0.74,0.56,0.81,project,Final-year integrative project in Language and Symbol: Capstone: Translate and Annotate a Ritual or Found Text.
4.1.33.07,Language Death and Revival: A Political Linguistics Practicum,4.1.33,3,0.74,0.9112,0.64,0.73,0.35,0.62,0.51,0.7,mixed,Advanced module in Language and Symbol: Language Death and Revival: A Political Linguistics Practicum.
4.1.33.08,Polyphonic Meaning: Translating Without Colonising,4.1.33,3,0.67,0.9371,0.57,0.73,0.33,0.64,0.5,0.66,essay,Advanced module in Language and Symbol: Polyphonic Meaning: Translating Without Colonising.
4.1.34.01,"Introduction to Runic Systems: Function, Form, Origin",4.1.34,1,0.2,1.045,0.58,0.71,0.37,0.33,0.48,0.39,essay,Introductory language and symbol module establishing core concepts and practices.
4.1.34.02,Scripts as Tools and Talismans,4.1.34,1,0.33,1.0255,0.6,0.76,0.38,0.37,0.53,0.4,essay,Foundation module in Language and Symbol: Scripts as Tools and Talismans.
4.1.34.03,"Carved Knowledge: Stone, Wood, Bone, Metal",4.1.34,2,0.58,0.9704,0.57,0.75,0.35,0.46,0.55,0.52,essay,"Intermediate module in Language and Symbol: Carved Knowledge: Stone, Wood, Bone, Metal."
4.1.34.04,"Comparative Semiotics: Elven, Dwarven, Human, Other",4.1.34,2,0.73,0.9149,0.59,0.75,0.34,0.53,0.52,0.56,essay,"Intermediate module in Language and Symbol: Comparative Semiotics: Elven, Dwarven, Human, Other."
4.1.34.05,Inscription Lab: Designing Functional Symbol Systems,4.1.34,2,0.5,1.0,0.56,0.81,0.32,0.48,0.5,0.59,mixed,Intermediate module in Language and Symbol: Inscription Lab: Designing Functional Symbol Systems.
4.1.34.06,Capstone: Develop a Scripted System for a Specific Community or Use,4.1.34,3,0.72,0.9186,0.65,0.73,0.37,0.75,0.64,0.85,project,Final-year integrative project in Language and Symbol: Capstone: Develop a Scripted System for a Specific Community or Use.
4.1.34.07,Runic Encoding and Hidden Messages,4.1.34,3,0.62,0.9556,0.63,0.72,0.35,0.66,0.55,0.68,essay,Advanced module in Language and Symbol: Runic Encoding and Hidden Messages.
4.1.34.08,"Power and the Written Form: Archives, Seals, and Spells",4.1.34,3,0.62,0.9556,0.61,0.76,0.39,0.68,0.49,0.66,essay,"Advanced module in Language and Symbol: Power and the Written Form: Archives, Seals, and Spells."
4.1.35.01,Foundations in Cross-Species Communication,4.1.35,1,0.27,1.035,0.6,0.74,0.35,0.26,0.52,0.39,essay,Introductory language and symbol module establishing core concepts and practices.
4.1.35.02,"Meaning Beyond Words: Gesture, Scent, Frequency",4.1.35,1,0.4,1.015,0.58,0.68,0.31,0.36,0.5,0.4,essay,"Foundation module in Language and Symbol: Meaning Beyond Words: Gesture, Scent, Frequency."
4.1.35.03,Listening to the More-Than-Human World,4.1.35,2,0.5,1.0,0.66,0.76,0.34,0.52,0.5,0.51,essay,Intermediate module in Language and Symbol: Listening to the More-Than-Human World.
4.1.35.04,"Shared Contexts: Place, Pattern, and Play",4.1.35,2,0.45,1.0075,0.67,0.69,0.32,0.46,0.63,0.57,essay,"Intermediate module in Language and Symbol: Shared Contexts: Place, Pattern, and Play."
4.1.35.05,Ethical Dilemmas in Inter-species Contact and Representation,4.1.35,2,0.65,0.9445,0.7,0.72,0.31,0.54,0.54,0.52,essay,Intermediate module in Language and Symbol: Ethical Dilemmas in Inter-species Contact and Representation.
4.1.35.06,Capstone: Design a Communicative Interface or Ritual Across Species,4.1.35,3,0.9,0.852,0.64,0.79,0.39,0.71,0.54,0.83,project,Final-year integrative project in Language and Symbol: Capstone: Design a Communicative Interface or Ritual Across Species.
4.1.35.07,"Decentralised Semantics: Forests, Swarms, Systems",4.1.35,3,0.8,0.889,0.64,0.76,0.35,0.63,0.48,0.68,essay,"Advanced module in Language and Symbol: Decentralised Semantics: Forests, Swarms, Systems."
4.1.35.08,Toward a Planetary Grammar: Futures of Communication,4.1.35,3,0.87,0.8631,0.6,0.74,0.39,0.66,0.55,0.7,essay,Advanced module in Language and Symbol: Toward a Planetary Grammar: Futures of Communication.
4.2.36.01,"Memory as Method: Ritual, Repetition, Refrain",4.2.36,1,0.33,1.0255,0.69,0.64,0.48,0.34,0.53,0.36,essay,"Foundation module in Oral Histories and Memorycraft: Memory as Method: Ritual, Repetition, Refrain."
4.2.36.02,Personal and Collective Recollection Practices,4.2.36,1,0.44,1.009,0.82,0.7,0.44,0.36,0.52,0.48,essay,Foundation module in Oral Histories and Memorycraft: Personal and Collective Recollection Practices.
4.2.36.03,"Rituals of Grief, Joy, and Transition",4.2.36,2,0.51,0.9963,0.72,0.72,0.45,0.49,0.52,0.55,essay,"Intermediate module in Oral Histories and Memorycraft: Rituals of Grief, Joy, and Transition."
4.2.36.04,Objects as Anchors: Material Memorywork,4.2.36,2,0.52,0.9926,0.7,0.65,0.41,0.54,0.55,0.54,essay,Intermediate module in Oral Histories and Memorycraft: Objects as Anchors: Material Memorywork.
4.2.36.05,Intergenerational Storyholding,4.2.36,2,0.56,0.9778,0.73,0.65,0.49,0.46,0.55,0.56,essay,Intermediate module in Oral Histories and Memorycraft: Intergenerational Storyholding.
4.2.36.06,Capstone: Design a Community Ritual of Remembrance,4.2.36,3,0.79,0.8927,0.76,0.75,0.41,0.79,0.61,0.82,project,Final-year integrative project in Oral Histories and Memorycraft: Capstone: Design a Community Ritual of Remembrance.
4.2.36.07,Time Loops and Re-Enactment in Social Healing,4.2.36,3,0.75,0.9075,0.69,0.67,0.46,0.66,0.48,0.72,essay,Advanced module in Oral Histories and Memorycraft: Time Loops and Re-Enactment in Social Healing.
4.2.36.08,Forgetting as a Political Act: Erasure and Resistance,4.2.36,3,0.79,0.8927,0.7,0.68,0.41,0.65,0.5,0.74,essay,Advanced module in Oral Histories and Memorycraft: Forgetting as a Political Act: Erasure and Resistance.
4.2.37.01,"Oral Histories: Ethics, Skills, and Power Dynamics",4.2.37,1,0.44,1.009,0.71,0.72,0.44,0.37,0.48,0.39,essay,"Foundation module in Oral Histories and Memorycraft: Oral Histories: Ethics, Skills, and Power Dynamics."
4.2.37.02,"The Storyweaver’s Craft: Listening, Shaping, Returning",4.2.37,1,0.43,1.0105,0.81,0.75,0.44,0.34,0.5,0.37,essay,"Foundation module in Oral Histories and Memorycraft: The Storyweaver’s Craft: Listening, Shaping, Returning."
4.2.37.03,"Fieldwork: Interviewing, Mapping, Interpreting",4.2.37,2,0.51,0.9963,0.82,0.65,0.42,0.54,0.48,0.54,mixed,"Intermediate module in Oral Histories and Memorycraft: Fieldwork: Interviewing, Mapping, Interpreting."
4.2.37.04,Digital and Physical Story Archives,4.2.37,2,0.53,0.9889,0.74,0.66,0.42,0.52,0.55,0.59,essay,Intermediate module in Oral Histories and Memorycraft: Digital and Physical Story Archives.
4.2.37.05,Community Consent and Cultural Stewardship,4.2.37,2,0.51,0.9963,0.78,0.66,0.43,0.47,0.56,0.59,essay,Intermediate module in Oral Histories and Memorycraft: Community Consent and Cultural Stewardship.
4.2.37.06,Capstone: Co-Create a Storyweaving Project With a Living Community,4.2.37,3,0.75,0.9075,0.83,0.71,0.47,0.75,0.57,0.78,project,Final-year integrative project in Oral Histories and Memorycraft: Capstone: Co-Create a Storyweaving Project With a Living Community.
4.2.37.07,Counter-Histories and Disobedient Narratives,4.2.37,3,0.66,0.9408,0.71,0.68,0.49,0.66,0.52,0.71,essay,Advanced module in Oral Histories and Memorycraft: Counter-Histories and Disobedient Narratives.
4.2.37.08,"Narrating the Future: Hope, Speculation, Legacy",4.2.37,3,0.72,0.9186,0.72,0.64,0.44,0.63,0.55,0.71,essay,"Advanced module in Oral Histories and Memorycraft: Narrating the Future: Hope, Speculation, Legacy."
4.2.38.01,"Introduction to Folklore: Forms, Functions, Foundations",4.2.38,1,0.35,1.023,0.7,0.7,0.42,0.3,0.54,0.41,essay,Introductory oral histories and memorycraft module establishing core concepts and practices.
4.2.38.02,"Modes of Transmission: Voice, Object, Movement",4.2.38,1,0.35,1.0225,0.76,0.71,0.48,0.37,0.51,0.41,essay,"Foundation module in Oral Histories and Memorycraft: Modes of Transmission: Voice, Object, Movement."
4.2.38.03,"Fieldwork in Folk Practice: Song, Craft, Ceremony",4.2.38,2,0.46,1.006,0.69,0.78,0.48,0.5,0.52,0.57,mixed,"Intermediate module in Oral Histories and Memorycraft: Fieldwork in Folk Practice: Song, Craft, Ceremony."
4.2.38.04,Archive as Living Entity: Curation and Custodianship,4.2.38,2,0.62,0.9556,0.75,0.64,0.43,0.5,0.48,0.58,essay,Intermediate module in Oral Histories and Memorycraft: Archive as Living Entity: Curation and Custodianship.
4.2.38.05,Adaptation and Drift in Oral Tradition,4.2.38,2,0.49,1.0015,0.73,0.67,0.42,0.51,0.56,0.56,essay,Intermediate module in Oral Histories and Memorycraft: Adaptation and Drift in Oral Tradition.
4.2.38.06,Capstone: Curate a Multimodal Folklore Archive,4.2.38,3,0.84,0.8742,0.69,0.65,0.44,0.78,0.5,0.79,project,Final-year integrative project in Oral Histories and Memorycraft: Capstone: Curate a Multimodal Folklore Archive.
4.2.38.07,"Rituals of Retelling: When to Hold, When to Change",4.2.38,3,0.7,0.926,0.76,0.68,0.49,0.64,0.54,0.66,essay,"Advanced module in Oral Histories and Memorycraft: Rituals of Retelling: When to Hold, When to Change."
4.2.38.08,Decolonising the Archive: Authority and Access,4.2.38,3,0.65,0.9445,0.7,0.67,0.48,0.68,0.55,0.68,essay,Advanced module in Oral Histories and Memorycraft: Decolonising the Archive: Authority and Access.
4.3.39.01,Rooted Reasoning: Foundations of Elven Moral Thought,4.3.39,1,0.42,1.0127,0.66,0.75,0.12,0.28,0.49,0.5,essay,Introductory philosophy and ethics module establishing core concepts and practices.
4.3.39.02,Harmonies and Hierarchies: Structures of Elven Governance,4.3.39,1,0.55,0.9815,0.62,0.74,0.16,0.37,0.48,0.52,essay,Foundation module in Philosophy and Ethics: Harmonies and Hierarchies: Structures of Elven Governance.
4.3.39.03,"Governing With Grace: Silence, Consensus, and Song",4.3.39,2,0.67,0.9371,0.63,0.73,0.12,0.52,0.52,0.66,essay,"Intermediate module in Philosophy and Ethics: Governing With Grace: Silence, Consensus, and Song."
4.3.39.04,Dissonance and the Disobedient Leaf: When Laws Falter,4.3.39,2,0.55,0.9815,0.67,0.72,0.14,0.5,0.5,0.64,essay,Intermediate module in Philosophy and Ethics: Dissonance and the Disobedient Leaf: When Laws Falter.
4.3.39.05,"Comparative Ethics: Dwarven, Human, Elven Codes in Tension",4.3.39,2,0.76,0.9038,0.62,0.76,0.17,0.46,0.48,0.66,essay,"Intermediate module in Philosophy and Ethics: Comparative Ethics: Dwarven, Human, Elven Codes in Tension."
4.3.39.06,Capstone: Design a Governance Ritual for a Fractured Realm,4.3.39,3,0.88,0.8594,0.63,0.77,0.15,0.73,0.48,0.83,project,Final-year integrative project in Philosophy and Ethics: Capstone: Design a Governance Ritual for a Fractured Realm.
4.3.39.07,"Shadow of the Grove: Corruption, Exile, and Redemption",4.3.39,3,0.72,0.9186,0.66,0.73,0.14,0.63,0.56,0.77,essay,"Advanced module in Philosophy and Ethics: Shadow of the Grove: Corruption, Exile, and Redemption."
4.3.39.08,Legacy and Liminality: Ruling Across Time and Species,4.3.39,3,0.78,0.8964,0.61,0.74,0.13,0.69,0.52,0.81,essay,Advanced module in Philosophy and Ethics: Legacy and Liminality: Ruling Across Time and Species.
4.3.40.01,"Power as Pattern: Visibility, Inheritance, Flow",4.3.40,1,0.5,1.0,0.64,0.73,0.18,0.32,0.56,0.51,essay,"Foundation module in Philosophy and Ethics: Power as Pattern: Visibility, Inheritance, Flow."
4.3.40.02,"Naming the Bindings: Ideology, Myth, and Control",4.3.40,1,0.68,0.9334,0.69,0.68,0.16,0.35,0.54,0.45,essay,"Foundation module in Philosophy and Ethics: Naming the Bindings: Ideology, Myth, and Control."
4.3.40.03,"Resistance as Ritual: Stories, Stones, and Sabotage",4.3.40,2,0.49,1.0015,0.63,0.71,0.12,0.52,0.52,0.61,essay,"Intermediate module in Philosophy and Ethics: Resistance as Ritual: Stories, Stones, and Sabotage."
4.3.40.04,Quiet Revolutions: Subtle Acts of Elven Defiance,4.3.40,2,0.61,0.9593,0.61,0.71,0.13,0.47,0.51,0.63,essay,Intermediate module in Philosophy and Ethics: Quiet Revolutions: Subtle Acts of Elven Defiance.
4.3.40.05,"Power and the Gaze: Who Watches, Who Speaks, Who Remembers",4.3.40,2,0.63,0.9519,0.69,0.7,0.17,0.54,0.56,0.61,essay,"Intermediate module in Philosophy and Ethics: Power and the Gaze: Who Watches, Who Speaks, Who Remembers."
4.3.40.06,Capstone: Re-map a System Through Critical Cartography,4.3.40,3,0.85,0.8705,0.63,0.69,0.14,0.75,0.48,0.86,project,Final-year integrative project in Philosophy and Ethics: Capstone: Re-map a System Through Critical Cartography.
4.3.40.07,The Hollow Tree: Power’s Absences and Afterlives,4.3.40,3,0.72,0.9186,0.66,0.76,0.14,0.66,0.5,0.78,essay,Advanced module in Philosophy and Ethics: The Hollow Tree: Power’s Absences and Afterlives.
4.3.40.08,Dreaming New Structures: An Ethics of Emergence,4.3.40,3,0.67,0.9371,0.64,0.68,0.19,0.65,0.55,0.76,essay,Advanced module in Philosophy and Ethics: Dreaming New Structures: An Ethics of Emergence.
4.3.41.01,The Loom of Lore: Threads from Ancients and Elders,4.3.41,1,0.49,1.0015,0.63,0.75,0.18,0.39,0.56,0.51,essay,Foundation module in Philosophy and Ethics: The Loom of Lore: Threads from Ancients and Elders.
4.3.41.02,"Tales That Teach: Fable, Parable, and Prophecy",4.3.41,1,0.5,1.0,0.62,0.75,0.12,0.34,0.52,0.45,essay,"Foundation module in Philosophy and Ethics: Tales That Teach: Fable, Parable, and Prophecy."
4.3.41.03,"Ethical Weaving: Truth, Ambiguity, and the Patterned Life",4.3.41,2,0.54,0.9852,0.64,0.73,0.15,0.51,0.48,0.66,essay,"Intermediate module in Philosophy and Ethics: Ethical Weaving: Truth, Ambiguity, and the Patterned Life."
4.3.41.04,"Moral Craft in Practice: Decision, Care, and Consequence",4.3.41,2,0.5,1.0,0.63,0.76,0.12,0.48,0.55,0.62,essay,"Intermediate module in Philosophy and Ethics: Moral Craft in Practice: Decision, Care, and Consequence."
4.3.41.05,"Silence, Stars, and Stillness: Ethical Insight from Nature",4.3.41,2,0.59,0.9667,0.61,0.71,0.17,0.54,0.49,0.61,essay,"Intermediate module in Philosophy and Ethics: Silence, Stars, and Stillness: Ethical Insight from Nature."
4.3.41.06,Capstone: Curate a Living Codex of Wisdom for a Future Generation,4.3.41,3,0.8,0.889,0.68,0.74,0.15,0.76,0.56,0.81,project,Final-year integrative project in Philosophy and Ethics: Capstone: Curate a Living Codex of Wisdom for a Future Generation.
4.3.41.07,Walking the Spiral Path: Unknowing as Moral Maturity,4.3.41,3,0.79,0.8927,0.69,0.73,0.15,0.67,0.54,0.81,essay,Advanced module in Philosophy and Ethics: Walking the Spiral Path: Unknowing as Moral Maturity.
4.3.41.08,The Listener’s Burden: Ethics in Reception and Response,4.3.41,3,0.62,0.9556,0.61,0.76,0.12,0.68,0.48,0.74,essay,Advanced module in Philosophy and Ethics: The Listener’s Burden: Ethics in Reception and Response.
4.4.42.01,"Foundations of Consensus: Song, Circle, and Signal",4.4.42,1,0.27,1.035,0.76,0.68,0.32,0.32,0.59,0.37,essay,Introductory political myth and governance module establishing core concepts and practices.
4.4.42.02,Polylogic: Speaking Across Worlds and Logics,4.4.42,1,0.3,1.03,0.66,0.72,0.27,0.32,0.54,0.36,essay,Foundation module in Political Myth and Governance: Polylogic: Speaking Across Worlds and Logics.
4.4.42.03,Rhizomatic Authority: When Roots Speak Without Kings,4.4.42,2,0.52,0.9926,0.67,0.69,0.24,0.52,0.49,0.51,essay,Intermediate module in Political Myth and Governance: Rhizomatic Authority: When Roots Speak Without Kings.
4.4.42.04,Systems of Slowness: Deep Time Decision-Making,4.4.42,2,0.54,0.9852,0.64,0.81,0.25,0.52,0.53,0.56,essay,Intermediate module in Political Myth and Governance: Systems of Slowness: Deep Time Decision-Making.
4.4.42.05,"Friction, Ritual, and the Role of Pause",4.4.42,2,0.62,0.9556,0.64,0.76,0.29,0.54,0.5,0.58,essay,"Intermediate module in Political Myth and Governance: Friction, Ritual, and the Role of Pause."
4.4.42.06,Capstone: Design a Consensus Model for a Fractured Society,4.4.42,3,0.87,0.8631,0.68,0.78,0.32,0.76,0.5,0.81,project,Final-year integrative project in Political Myth and Governance: Capstone: Design a Consensus Model for a Fractured Society.
4.4.42.07,Dissent as Design Element,4.4.42,3,0.63,0.9519,0.63,0.81,0.27,0.65,0.55,0.72,essay,Advanced module in Political Myth and Governance: Dissent as Design Element.
4.4.42.08,Sustaining Consent in the Face of Chaos and Change,4.4.42,3,0.6,0.963,0.64,0.72,0.25,0.64,0.5,0.69,essay,Advanced module in Political Myth and Governance: Sustaining Consent in the Face of Chaos and Change.
4.4.43.01,Conflict as Pattern: Myths of Harmony and Rupture,4.4.43,1,0.35,1.0225,0.62,0.68,0.31,0.34,0.55,0.39,essay,Foundation module in Political Myth and Governance: Conflict as Pattern: Myths of Harmony and Rupture.
4.4.43.02,Design Principles for Holding Heat,4.4.43,1,0.37,1.0195,0.61,0.82,0.24,0.39,0.49,0.44,essay,Foundation module in Political Myth and Governance: Design Principles for Holding Heat.
4.4.43.03,"Symbol, Space, and Story in Conflict Mediation",4.4.43,2,0.62,0.9556,0.72,0.7,0.25,0.54,0.54,0.56,essay,"Intermediate module in Political Myth and Governance: Symbol, Space, and Story in Conflict Mediation."
4.4.43.04,Ritual Technologies for Cultural Transformation,4.4.43,2,0.46,1.006,0.67,0.72,0.31,0.48,0.54,0.59,essay,Intermediate module in Political Myth and Governance: Ritual Technologies for Cultural Transformation.
4.4.43.05,Restorying the Broken: Case Studies in Aesthetic Intervention,4.4.43,2,0.54,0.9852,0.67,0.77,0.31,0.5,0.51,0.59,essay,Intermediate module in Political Myth and Governance: Restorying the Broken: Case Studies in Aesthetic Intervention.
4.4.43.06,Capstone: Design a Ritual Process for Conflict Repair,4.4.43,3,0.79,0.8927,0.66,0.8,0.25,0.74,0.48,0.83,project,Final-year integrative project in Political Myth and Governance: Capstone: Design a Ritual Process for Conflict Repair.
4.4.43.07,From Fracture to Fractal: Nested Conflict Systems,4.4.43,3,0.7,0.926,0.67,0.75,0.24,0.68,0.55,0.69,essay,Advanced module in Political Myth and Governance: From Fracture to Fractal: Nested Conflict Systems.
4.4.43.08,Beauty as Mediator: Aesthetic Practice in Governance Repair,4.4.43,3,0.66,0.9408,0.66,0.82,0.28,0.65,0.49,0.73,essay,Advanced module in Political Myth and Governance: Beauty as Mediator: Aesthetic Practice in Governance Repair.
4.4.44.01,"Institutions as Stories: Memory, Myth, Mechanism",4.4.44,1,0.32,1.027,0.69,0.73,0.27,0.37,0.49,0.38,essay,"Foundation module in Political Myth and Governance: Institutions as Stories: Memory, Myth, Mechanism."
4.4.44.02,Governance Through Narrative Form,4.4.44,1,0.38,1.018,0.64,0.73,0.31,0.37,0.51,0.43,essay,Foundation module in Political Myth and Governance: Governance Through Narrative Form.
4.4.44.03,Scripts and Charters: The Architecture of Belief,4.4.44,2,0.58,0.9704,0.63,0.69,0.27,0.53,0.53,0.52,essay,Intermediate module in Political Myth and Governance: Scripts and Charters: The Architecture of Belief.
4.4.44.04,Storytelling in Public Policy and Civic Ritual,4.4.44,2,0.61,0.9593,0.69,0.73,0.27,0.54,0.52,0.59,essay,Intermediate module in Political Myth and Governance: Storytelling in Public Policy and Civic Ritual.
4.4.44.05,"Institutional Archetypes: The Tower, the Grove, the Gate",4.4.44,2,0.64,0.9482,0.69,0.76,0.29,0.53,0.53,0.54,essay,"Intermediate module in Political Myth and Governance: Institutional Archetypes: The Tower, the Grove, the Gate."
4.4.44.06,Capstone: Build a Narrative Framework for an Imagined Institution,4.4.44,3,0.72,0.9186,0.69,0.82,0.29,0.74,0.49,0.86,project,Final-year integrative project in Political Myth and Governance: Capstone: Build a Narrative Framework for an Imagined Institution.
4.4.44.07,Collapse and Rewriting: Institutional Myth as Adaptive Device,4.4.44,3,0.74,0.9112,0.69,0.72,0.27,0.68,0.52,0.73,essay,Advanced module in Political Myth and Governance: Collapse and Rewriting: Institutional Myth as Adaptive Device.
4.4.44.08,"Governance as Theatre: Staging Trust, Accountability, and Change",4.4.44,3,0.69,0.9297,0.64,0.71,0.28,0.63,0.5,0.69,essay,"Advanced module in Political Myth and Governance: Governance as Theatre: Staging Trust, Accountability, and Change."
